{"loss": [0.6787928342819214, 0.5260831713676453, 0.3993334472179413, 0.36363685131073, 0.34436821937561035, 0.33333829045295715, 0.32229313254356384, 0.3161589503288269, 0.30662333965301514, 0.2998445928096771, 0.293655663728714, 0.292846143245697, 0.2878434956073761, 0.28284752368927, 0.27955296635627747, 0.2743959426879883, 0.2754610478878021, 0.27038827538490295, 0.2620641589164734, 0.2550145983695984, 0.2524414360523224, 0.24662090837955475, 0.23815079033374786, 0.23560158908367157, 0.23164284229278564, 0.22629405558109283, 0.21802422404289246, 0.2133331596851349, 0.20897233486175537, 0.2064111977815628], "accuracy": [0.578735888004303, 0.7596971392631531, 0.8304744362831116, 0.8459280133247375, 0.8547365069389343, 0.8610724806785583, 0.8675629496574402, 0.8680265545845032, 0.8740534782409668, 0.8769896626472473, 0.8803894519805908, 0.8794622421264648, 0.8848709464073181, 0.8868799209594727, 0.8850255012512207, 0.8908978700637817, 0.8890434503555298, 0.8898161053657532, 0.8950703144073486, 0.8969247341156006, 0.8984701037406921, 0.9032607078552246, 0.9015607833862305, 0.9029516577720642, 0.9048060774803162, 0.9058877825737, 0.9139236807823181, 0.9145417809486389, 0.9160871505737305, 0.9143872857093811], "val_loss": [0.6560262441635132, 0.4663170278072357, 0.46410730481147766, 0.4774763584136963, 0.49197375774383545, 0.5348333120346069, 0.5536350011825562, 0.5762536525726318, 0.6032657027244568, 0.6245056986808777, 0.6260328888893127, 0.7317508459091187, 0.699331521987915, 0.6862733364105225, 0.7442498207092285, 0.8061920404434204, 0.710185706615448, 0.8154882788658142, 0.8095672130584717, 0.892261266708374, 0.8853378295898438, 0.8600071668624878, 0.9429702758789062, 0.9368326663970947, 0.9581152200698853, 0.9215646982192993, 1.0760276317596436, 1.0484975576400757, 1.0719752311706543, 1.117951512336731], "val_accuracy": [0.6147110462188721, 0.7810857892036438, 0.774956226348877, 0.7688266038894653, 0.7740805745124817, 0.7513135075569153, 0.74956214427948, 0.7408056259155273, 0.739054262638092, 0.7408056259155273, 0.75043785572052, 0.7119089365005493, 0.7232924699783325, 0.7329246997833252, 0.7241681218147278, 0.7101576328277588, 0.7399299740791321, 0.7119089365005493, 0.7197898626327515, 0.6996497511863708, 0.7119089365005493, 0.7241681218147278, 0.7136602401733398, 0.7154115438461304, 0.721541166305542, 0.7180384993553162, 0.6935201287269592, 0.7040280103683472, 0.7145358920097351, 0.7014010548591614]}