{"loss": [0.6453497409820557, 0.48337292671203613, 0.40211546421051025, 0.36859264969825745, 0.34989577531814575, 0.3348786234855652, 0.3241157531738281, 0.3160117268562317, 0.3104659616947174, 0.3038891553878784, 0.3028394281864166, 0.293009489774704, 0.2886834144592285, 0.2847355306148529, 0.2753632664680481, 0.2720726728439331, 0.26400986313819885, 0.26264479756355286, 0.25482237339019775, 0.24972791969776154, 0.247520312666893, 0.24114814400672913, 0.2380465269088745, 0.23062771558761597, 0.22164015471935272, 0.21951545774936676, 0.210490882396698, 0.2036925107240677, 0.19570256769657135, 0.1862896978855133], "accuracy": [0.7057641744613647, 0.8119301795959473, 0.8378921151161194, 0.8552001118659973, 0.8678720593452454, 0.8760624527931213, 0.8845618963241577, 0.8868799209594727, 0.8907433152198792, 0.8935249447822571, 0.8925977349281311, 0.8970792889595032, 0.8998609185218811, 0.9018698930740356, 0.9074331521987915, 0.909905731678009, 0.9134600758552551, 0.9128419160842896, 0.9168598651885986, 0.9193323850631714, 0.9196414947509766, 0.9204141497612, 0.9236593842506409, 0.925822913646698, 0.9292227029800415, 0.9299953579902649, 0.9323133826255798, 0.9346314072608948, 0.9364858865737915, 0.9400401711463928], "val_loss": [0.5467128157615662, 0.4905300438404083, 0.4969662129878998, 0.5539056062698364, 0.5770705938339233, 0.5793676376342773, 0.6306325793266296, 0.6636881232261658, 0.6267384886741638, 0.6863753199577332, 0.7486687898635864, 0.7154272198677063, 0.7463117837905884, 0.7552385330200195, 0.7382391691207886, 0.7780004143714905, 0.8494811058044434, 0.8096426129341125, 0.8204324245452881, 0.8123692274093628, 0.8508809804916382, 0.8052128553390503, 0.8356993794441223, 0.8977586030960083, 0.8877230286598206, 0.8602595329284668, 0.9106453657150269, 0.9697166085243225, 0.933487057685852, 0.9532738924026489], "val_accuracy": [0.7670753002166748, 0.7661996483802795, 0.7775831818580627, 0.7548161149024963, 0.739054262638092, 0.7556917667388916, 0.7320490479469299, 0.7320490479469299, 0.7460595369338989, 0.7311733961105347, 0.7189142107963562, 0.7364273071289062, 0.7311733961105347, 0.7311733961105347, 0.739054262638092, 0.7232924699783325, 0.7180384993553162, 0.7224168181419373, 0.7189142107963562, 0.7267950773239136, 0.7224168181419373, 0.7267950773239136, 0.7224168181419373, 0.7145358920097351, 0.7224168181419373, 0.7276707291603088, 0.7171628475189209, 0.7171628475189209, 0.7206655144691467, 0.7267950773239136]}