{"loss": [0.6451178789138794, 0.5287622213363647, 0.4949897527694702, 0.47755929827690125, 0.46950840950012207, 0.46384772658348083, 0.4513440728187561, 0.4370485842227936, 0.4216137230396271, 0.42202112078666687, 0.40435734391212463, 0.3988587260246277, 0.39292457699775696, 0.38759249448776245, 0.3746684193611145, 0.37701454758644104, 0.3636479079723358, 0.3495230972766876, 0.3576444685459137, 0.3532402217388153, 0.34553828835487366, 0.342743843793869, 0.34463319182395935, 0.3406318128108978, 0.3278655707836151, 0.3286609947681427, 0.32748961448669434, 0.33251485228538513, 0.32707512378692627, 0.3161464035511017], "accuracy": [0.6237057447433472, 0.7230721712112427, 0.7434708476066589, 0.750270426273346, 0.757533609867096, 0.75660640001297, 0.7658785581588745, 0.7657240033149719, 0.7728326320648193, 0.7753052115440369, 0.7796322107315063, 0.7838046550750732, 0.7872044444084167, 0.7856590747833252, 0.7924586534500122, 0.7859681844711304, 0.7955493927001953, 0.8021944165229797, 0.7970947027206421, 0.7984855771064758, 0.8009580969810486, 0.8009580969810486, 0.7984855771064758, 0.8035852313041687, 0.8054396510124207, 0.8055942058563232, 0.8093030452728271, 0.8006490468978882, 0.8080667853355408, 0.814866304397583], "val_loss": [0.5546099543571472, 0.5123966336250305, 0.5352774858474731, 0.5117219090461731, 0.5028995275497437, 0.5413357615470886, 0.5335468649864197, 0.5814418792724609, 0.6010171175003052, 0.5986019372940063, 0.6239887475967407, 0.6408039927482605, 0.652306854724884, 0.6840327382087708, 0.7094687223434448, 0.7557615041732788, 0.814631462097168, 0.8990890979766846, 0.8964681029319763, 0.8541064858436584, 0.8735420107841492, 0.9071701169013977, 0.8559631109237671, 0.917490541934967, 0.9670073390007019, 1.0030704736709595, 1.047165870666504, 1.0710670948028564, 1.0746378898620605, 1.09239661693573], "val_accuracy": [0.7565674185752869, 0.7434325814247131, 0.721541166305542, 0.7478108406066895, 0.7600700259208679, 0.7285463809967041, 0.7451838850975037, 0.7294220924377441, 0.7320490479469299, 0.7276707291603088, 0.7346760034561157, 0.7381786108016968, 0.7478108406066895, 0.7320490479469299, 0.7443082332611084, 0.7338003516197205, 0.7145358920097351, 0.7197898626327515, 0.7162871956825256, 0.7197898626327515, 0.7276707291603088, 0.7206655144691467, 0.7259194254875183, 0.7180384993553162, 0.7206655144691467, 0.7224168181419373, 0.7224168181419373, 0.7101576328277588, 0.7119089365005493, 0.7180384993553162]}