{"loss": [0.6378578543663025, 0.5258910655975342, 0.44783779978752136, 0.3902027904987335, 0.3468409776687622, 0.3170442283153534, 0.30095699429512024, 0.28184813261032104, 0.2645469009876251, 0.2544940710067749, 0.24405695497989655, 0.237285315990448, 0.22868402302265167, 0.224433034658432, 0.2172548472881317, 0.2139347940683365, 0.21443815529346466, 0.20578508079051971, 0.2023848444223404, 0.1976437270641327, 0.19427244365215302, 0.19315724074840546, 0.19206176698207855, 0.1880694180727005, 0.20341530442237854, 0.19426485896110535, 0.18531069159507751, 0.179616779088974, 0.17677314579486847, 0.17742717266082764], "accuracy": [0.6368412971496582, 0.8131664395332336, 0.8683356642723083, 0.8932158946990967, 0.9077422618865967, 0.9146963357925415, 0.9165507555007935, 0.923968493938446, 0.925359308719635, 0.9295317530632019, 0.9309225678443909, 0.931695282459259, 0.9352495670318604, 0.9358677268028259, 0.9369494915008545, 0.9375675916671753, 0.9354041218757629, 0.9381857514381409, 0.9383403062820435, 0.9388039112091064, 0.9406583309173584, 0.9400401711463928, 0.940812885761261, 0.940812885761261, 0.9354041218757629, 0.9364858865737915, 0.941276490688324, 0.9437490105628967, 0.9445217251777649, 0.9431309103965759], "val_loss": [0.605995774269104, 0.5905949473381042, 0.603674054145813, 0.6351723670959473, 0.653536319732666, 0.7060651183128357, 0.7108333706855774, 0.7311767339706421, 0.7408191561698914, 0.748717725276947, 0.8095521926879883, 0.8008119463920593, 0.8273998498916626, 0.829173743724823, 0.8481706380844116, 0.8504175543785095, 0.8479025363922119, 0.8362494707107544, 0.8639875650405884, 0.8832626938819885, 0.9070351123809814, 0.8818620443344116, 0.9037948250770569, 0.8915202021598816, 0.8921619653701782, 0.8987693190574646, 0.928266167640686, 0.932965874671936, 0.9491827487945557, 0.9948687553405762], "val_accuracy": [0.7521891593933105, 0.7565674185752869, 0.7241681218147278, 0.7294220924377441, 0.7241681218147278, 0.706654965877533, 0.6908931732177734, 0.7127845883369446, 0.6978984475135803, 0.6838878989219666, 0.7005254030227661, 0.6943957805633545, 0.682136595249176, 0.6987740993499756, 0.692644476890564, 0.7127845883369446, 0.6970227956771851, 0.6908931732177734, 0.6847635507583618, 0.6935201287269592, 0.6838878989219666, 0.6987740993499756, 0.696147084236145, 0.6751313209533691, 0.678633987903595, 0.6795096397399902, 0.668126106262207, 0.6856392025947571, 0.6716287136077881, 0.6795096397399902]}